epoch,step,train_loss_step
0,49,8.767653465270996
0,99,1.5245568752288818
0,149,1.4124363660812378
