split,MSE,RMSE,MAE,R2,Pearson
target_test:OVISE,1.8216535667001246,1.3496864697773794,1.0607463206864276,0.704596118981304,0.880168128734007
